"dream","familiar","bit","ability","neck"
"fact","tune","task","cover","tired"
"beyond","public","promised","journey","grow"
"cry","time","dog","chapter","torn"
"musical","test","fruit","mouse","fellow"
"laugh","improve","driving","thy","live"
"local","gulf","browserling","harbor","kind"
"everywhere","neighbor","clearly","became","browserling"
"voyage","soft","universe","die","toy"
"quick","using","official","substance","religious"
"minute","person","nobody","carefully","rice"
"voice","all","heading","any","who"
"explore","express","taken","widely","present"
"edge","solve","hunter","railroad","character"
"improve","draw","capital","season","material"
"sight","window","curious","tomorrow","smaller"
"capital","direct","mighty","underline","addition"
"just","whenever","partly","chamber","using"
"fully","found","late","taken","wall"
"deal","remove","from","lack","slight"
"steel","uncle","printed","hope","warm"
"original","attack","event","talk","metal"
"halfway","telephone","make","complete","football"
"lay","boy","arrange","castle","cream"
"trunk","natural","buy","further","mouth"
"straw","bell","tales","trade","moving"
"poetry","hill","fall","tent","rest"
"here","arrangement","reach","wherever","support"
"mainly","back","mix","worth","settlers"
"every","dropped","however","appearance","satisfied"
"sang","chest","nor","halfway","balloon"
"pride","bottle","man","water","hurt"
"figure","drawn","port","funny","yet"
"believed","alive","be","willing","climate"
"teach","such","simplest","farmer","sick"
"birthday","condition","term","stems","jet"
"grass","heart","cake","whose","support"
"then","replace","slow","paid","pour"
"sat","pool","image","deer","plural"
"physical","add","bite","country","because"
"job","running","many","twenty","flat"
"object","everyone","carefully","plus","however"
"master","card","usual","zero","park"
"student","real","congress","wash","view"
"upon","business","steel","entirely","top"
"ran","upper","swam","numeral","lot"
"especially","special","hurt","additional","heard"
"review","develop","key","notice","complete"
"her","melted","me","powerful","yard"
"support","into","scientist","soap","thousand"
"different","method","fought","layers","teach"
